date,big_mac_price_usd,minimum_wage_usd_per_hour,big_mac_index_2000_base,minimum_wage_index_2000_base,big_macs_per_hour_worked
2000-04-01,2.24,5.15,100.00,100.00,2.30
2001-04-01,2.24,5.15,100.00,100.00,2.30
2002-04-01,2.35,5.15,104.90,100.00,2.19
2003-04-01,2.46,5.15,109.80,100.00,2.09
2004-05-01,2.47,5.15,110.30,100.00,2.09
2005-06-01,2.58,5.15,115.20,100.00,2.00
2006-01-01,2.67,5.15,119.20,100.00,1.93
2006-05-01,2.78,5.15,124.10,100.00,1.85
2007-01-01,2.89,5.15,129.00,100.00,1.78
2007-06-01,3.00,5.15,133.90,100.00,1.72
2008-06-01,3.21,5.85,143.30,113.60,1.82
2009-07-01,3.43,7.25,153.10,140.80,2.11
2010-01-01,3.43,7.25,153.10,140.80,2.11
2010-07-01,3.53,7.25,157.60,140.80,2.05
2011-07-01,3.64,7.25,162.50,140.80,1.99
2012-01-01,3.81,7.25,170.10,140.80,1.90
2012-07-01,3.96,7.25,176.80,140.80,1.83
2013-01-01,4.03,7.25,179.90,140.80,1.80
2013-07-01,4.18,7.25,186.60,140.80,1.73
2014-01-01,4.24,7.25,189.30,140.80,1.71
2014-07-01,4.29,7.25,191.50,140.80,1.69
2015-01-01,4.29,7.25,191.50,140.80,1.69
2015-07-01,4.29,7.25,191.50,140.80,1.69
2016-01-01,4.29,7.25,191.50,140.80,1.69
2016-07-01,4.50,7.25,200.90,140.80,1.61
2017-01-01,4.50,7.25,200.90,140.80,1.61
2017-07-01,4.50,7.25,200.90,140.80,1.61
2018-01-01,4.61,7.25,205.80,140.80,1.57
2018-07-01,4.62,7.25,206.20,140.80,1.57
2019-01-01,4.71,7.25,210.30,140.80,1.54
2019-07-09,4.71,7.25,210.30,140.80,1.54
2020-01-14,4.82,7.25,215.20,140.80,1.50
2020-07-01,4.82,7.25,215.20,140.80,1.50
